{"timestamp": "2025-06-11T20:35:08.945202", "model": "RandomForest (GridSearchCV)", "best_params": {"max_depth": 10, "min_samples_leaf": 6, "n_estimators": 500}, "roc_auc_test": 0.6045094267550681, "recall_test": 0.5453216374269005, "precision_test": 0.3548438243221817, "f1_test": 0.42992988185572956}
