{"timestamp": "2025-06-13T20:37:17.523390", "model": "XGBoost (RandomizedSearchCV)", "best_params": {"colsample_bytree": 0.6405886171464128, "gamma": 3.317508845540279, "learning_rate": 0.011012316769243738, "max_depth": 9, "min_child_weight": 2, "n_estimators": 293, "scale_pos_weight": 3.229737994231733, "subsample": 0.8607845038010402}, "roc_auc_test": 0.6135723900211909, "recall_test": 0.7760721247563352, "precision_test": 0.32703562994147245, "f1_test": 0.46016036986202413}
